0.000000, 0.000000, 0.000000, 0.000000
-0.009995, 0.009987, 0.009992, 0.009990
-0.012474, 0.019990, 0.015009, 0.018370
-0.009345, 0.028858, 0.013851, 0.023484
-0.005709, 0.036981, 0.008108, 0.019031
0.000200, 0.045126, 0.000809, 0.016486
0.007387, 0.052653, -0.007137, 0.015700
0.015140, 0.060852, -0.015704, 0.019905
0.023308, 0.066925, -0.024677, 0.024932
0.030235, 0.073953, -0.033938, 0.025205
0.037471, 0.076247, -0.037998, 0.024844
0.045543, 0.076485, -0.041422, 0.024899
0.049004, 0.073987, -0.044802, 0.027983
0.054030, 0.069618, -0.044981, 0.030195
0.060257, 0.063592, -0.042515, 0.031874
0.062839, 0.059599, -0.042273, 0.033990
0.064022, 0.056159, -0.043195, 0.037579
0.059207, 0.060284, -0.039133, 0.043449
0.054927, 0.063943, -0.034371, 0.047432
0.051562, 0.067030, -0.030169, 0.051673
0.048940, 0.069571, -0.026918, 0.054536
0.046764, 0.072077, -0.023474, 0.057387
0.045309, 0.074345, -0.019500, 0.057756
0.044700, 0.076211, -0.014835, 0.056737
0.045156, 0.077560, -0.009063, 0.052217
0.045135, 0.078084, -0.002574, 0.049549
0.045585, 0.077649, 0.003810, 0.045909
0.046577, 0.076012, 0.007160, 0.043416
0.046957, 0.073418, 0.007364, 0.040431
0.047339, 0.070632, 0.007698, 0.037674
0.048145, 0.067537, 0.007450, 0.035273
0.050501, 0.063752, 0.007286, 0.029323
0.054327, 0.060833, 0.009578, 0.022788
0.057471, 0.058177, 0.010901, 0.017443
0.060257, 0.056357, 0.011171, 0.013714
0.062988, 0.054804, 0.011526, 0.010581
0.065401, 0.053675, 0.011342, 0.008130
0.067006, 0.056185, 0.010883, 0.003194
0.068128, 0.057667, 0.007637, -0.001687
0.069004, 0.059335, 0.005657, -0.005916
0.069654, 0.061017, 0.004584, -0.009441
0.070833, 0.062696, 0.004718, -0.013675
0.071411, 0.063863, 0.004227, -0.016352
0.072432, 0.064329, 0.002377, -0.018818
0.073332, 0.064268, -0.000867, -0.020433
0.075646, 0.063577, -0.004154, -0.023328
0.077569, 0.062919, -0.006835, -0.025401
0.079421, 0.062485, -0.008665, -0.028142
0.081021, 0.061862, -0.010415, -0.029854
0.082297, 0.061489, -0.011396, -0.031035
0.083347, 0.061489, -0.011955, -0.031541
0.084676, 0.059510, -0.014518, -0.030027
0.085626, 0.057831, -0.016260, -0.028710
0.085577, 0.054495, -0.017884, -0.025665
0.085154, 0.050963, -0.019427, -0.021930
0.084855, 0.048590, -0.021004, -0.019557
0.085493, 0.047267, -0.020455, -0.018981
0.085858, 0.046561, -0.016878, -0.018246
0.085577, 0.048257, -0.009579, -0.016821
0.087203, 0.049413, -0.001391, -0.017040
0.088754, 0.050586, 0.005868, -0.018239
0.090167, 0.052721, 0.011549, -0.020179
0.089950, 0.054309, 0.015113, -0.020684
0.088127, 0.055589, 0.018705, -0.019842
0.084435, 0.056755, 0.021492, -0.018106
0.079600, 0.057546, 0.024138, -0.014702
0.074766, 0.058371, 0.026842, -0.011574
0.070568, 0.058152, 0.029604, -0.007959
0.066908, 0.057638, 0.033111, -0.004947
0.063540, 0.055421, 0.036109, 0.000044
0.060573, 0.053148, 0.038667, 0.005085
0.057190, 0.050330, 0.040553, 0.009548
0.054345, 0.047495, 0.042588, 0.013515
0.051655, 0.045641, 0.045607, 0.015258
0.049567, 0.044361, 0.051840, 0.012614
0.047762, 0.042985, 0.056380, 0.011892
0.045709, 0.040649, 0.062683, 0.011947
0.044632, 0.038282, 0.068132, 0.012725
0.044248, 0.036573, 0.070482, 0.014763
0.044479, 0.035528, 0.073187, 0.016281
0.046079, 0.034654, 0.070948, 0.019904
0.045693, 0.036797, 0.068872, 0.025110
0.046596, 0.038612, 0.064515, 0.029227
0.047599, 0.040150, 0.062202, 0.033753
0.050164, 0.038600, 0.056469, 0.037500
0.053475, 0.036730, 0.051041, 0.040107
0.056938, 0.034765, 0.045974, 0.042561
0.060812, 0.032933, 0.041283, 0.043870
0.065935, 0.030488, 0.037479, 0.041978
0.069611, 0.027378, 0.034386, 0.041622
0.072232, 0.024016, 0.031795, 0.042565
0.074243, 0.021112, 0.030075, 0.043408
0.075120, 0.018875, 0.031731, 0.043361
0.074149, 0.018320, 0.035750, 0.043576
0.073227, 0.017766, 0.039501, 0.043948
0.071105, 0.016143, 0.044647, 0.046658
0.069279, 0.014808, 0.049461, 0.049166
0.068063, 0.013736, 0.053535, 0.051070
0.067367, 0.013025, 0.057088, 0.051828
0.068074, 0.012139, 0.059511, 0.049548
0.069987, 0.011940, 0.060590, 0.043044
0.072547, 0.012018, 0.060860, 0.035913
0.076460, 0.013804, 0.058199, 0.026155
0.079037, 0.016021, 0.055473, 0.019209
0.079066, 0.019110, 0.054004, 0.014961
0.078157, 0.021045, 0.054484, 0.010786
0.077503, 0.023847, 0.053010, 0.009520
0.074873, 0.026695, 0.052862, 0.010081
0.071676, 0.029555, 0.052737, 0.011722
0.067806, 0.031992, 0.054377, 0.012776
0.060707, 0.034437, 0.059101, 0.015341
0.054952, 0.036560, 0.063555, 0.017264
0.052464, 0.038040, 0.068968, 0.015985
0.053909, 0.038190, 0.073096, 0.012107
0.054993, 0.037824, 0.076659, 0.009437
0.056633, 0.038063, 0.078833, 0.006731
0.058245, 0.038056, 0.080691, 0.004464
0.059510, 0.039093, 0.081483, 0.002400
0.060464, 0.040277, 0.082177, 0.000779
0.061298, 0.041094, 0.083291, -0.000649
0.062024, 0.041961, 0.083844, -0.001564
0.062650, 0.042659, 0.084119, -0.001831
0.063216, 0.042876, 0.085079, -0.002078
0.063233, 0.043313, 0.085974, -0.001579
0.063188, 0.043700, 0.086302, -0.000499
0.063447, 0.043459, 0.087543, 0.000555
0.062851, 0.043009, 0.088861, 0.002537
0.062378, 0.042713, 0.090059, 0.004523
0.062275, 0.042192, 0.091119, 0.006424
0.062817, 0.041331, 0.092326, 0.007975
0.064541, 0.039747, 0.093502, 0.008824
0.066407, 0.036961, 0.095351, 0.008876
0.069371, 0.033896, 0.097149, 0.007858
0.072544, 0.030843, 0.098582, 0.006845
0.075795, 0.027913, 0.099927, 0.005639
0.077323, 0.025801, 0.102567, 0.003846
0.078888, 0.024016, 0.105049, 0.001893
0.080792, 0.021835, 0.107528, 0.000295
0.082701, 0.020152, 0.109775, -0.001780
0.084338, 0.018894, 0.111727, -0.003737
0.085839, 0.017047, 0.113215, -0.004753
0.086512, 0.015993, 0.116027, -0.006071
0.085720, 0.017875, 0.117861, -0.005612
0.084591, 0.019692, 0.119618, -0.004491
0.083102, 0.022539, 0.121115, -0.003580
0.081993, 0.025574, 0.122322, -0.003556
0.081192, 0.028272, 0.123247, -0.003291
0.080188, 0.031349, 0.123532, -0.003450
0.080001, 0.032967, 0.123702, -0.003034
0.080018, 0.034495, 0.123733, -0.002752
0.079943, 0.035468, 0.124545, -0.002386
0.079753, 0.037072, 0.124961, -0.002766
0.079631, 0.038462, 0.125661, -0.003224
0.079926, 0.039345, 0.126663, -0.003341
0.079942, 0.038682, 0.127052, -0.001784
0.080043, 0.038160, 0.127916, -0.000759
0.078142, 0.035619, 0.130250, 0.003338
0.076916, 0.033760, 0.132341, 0.006168
0.076560, 0.032373, 0.134415, 0.007703
0.077198, 0.031303, 0.136627, 0.006349
0.077446, 0.030289, 0.138762, 0.005846
0.077852, 0.027904, 0.140692, 0.006126
0.077839, 0.025665, 0.142694, 0.006746
0.077102, 0.021943, 0.145297, 0.008586
0.076898, 0.018733, 0.147857, 0.009642
0.076893, 0.016298, 0.149705, 0.009694
0.076534, 0.013880, 0.151453, 0.010331
0.076415, 0.011763, 0.152771, 0.010503
0.076590, 0.011114, 0.152785, 0.009422
0.076638, 0.008176, 0.154274, 0.009570
0.076954, 0.006082, 0.154979, 0.009338
0.076758, 0.004254, 0.155733, 0.009714
0.077207, 0.000129, 0.155842, 0.011694
0.077599, -0.003578, 0.155756, 0.013647
0.078002, -0.007058, 0.155625, 0.015687
0.078338, -0.009810, 0.155182, 0.017505
0.078716, -0.011762, 0.155105, 0.018636
0.078181, -0.011998, 0.157090, 0.017273
0.080487, -0.009244, 0.158997, 0.012484
0.082131, -0.006867, 0.160975, 0.008358
0.083367, -0.004611, 0.162256, 0.005383
0.084384, -0.001538, 0.163137, 0.002259
0.084888, 0.000966, 0.164455, 0.000123
0.084233, 0.001663, 0.166476, -0.000245
0.083233, 0.001195, 0.169126, 0.001170
0.081743, -0.000231, 0.171819, 0.003464
0.080540, -0.001339, 0.174013, 0.005440
0.079516, -0.001702, 0.175378, 0.007377
0.080055, 0.000628, 0.174922, 0.007401
0.083325, 0.003922, 0.173352, 0.005444
0.086403, 0.007075, 0.171636, 0.003558
0.089787, 0.008836, 0.170673, 0.002147
0.092698, 0.010098, 0.169902, 0.000968
0.095737, 0.012222, 0.168089, -0.001447
0.097583, 0.013408, 0.167155, -0.002985
0.099247, 0.013047, 0.166165, -0.003761
0.100672, 0.010583, 0.165911, -0.004179
0.101445, 0.007554, 0.164995, -0.003363
0.101391, 0.005317, 0.164912, -0.001496
0.100621, 0.003513, 0.165747, 0.000520
0.099282, 0.002159, 0.166468, 0.002358
0.097174, 0.001217, 0.167074, 0.004662
0.095021, 0.000331, 0.167689, 0.006802
0.092785, 0.001362, 0.167716, 0.008686
0.090798, 0.002579, 0.167707, 0.009845
0.089234, 0.003743, 0.167568, 0.010653
0.088027, 0.005106, 0.167153, 0.011115
0.087103, 0.007411, 0.165937, 0.010529
0.087175, 0.009866, 0.164651, 0.008315
0.087466, 0.009972, 0.164060, 0.006394
0.087532, 0.009005, 0.164389, 0.005357
0.086588, 0.007359, 0.165115, 0.005414
0.084570, 0.004802, 0.165939, 0.007274
0.083287, 0.000583, 0.167911, 0.009073
0.082818, -0.004077, 0.170187, 0.010592
0.084093, -0.007327, 0.171405, 0.010483
0.086133, -0.009917, 0.172103, 0.009697
0.088712, -0.012142, 0.172564, 0.008683
0.091320, -0.014769, 0.173320, 0.007785
0.093908, -0.017353, 0.174409, 0.007374
0.095790, -0.019667, 0.175592, 0.007297
0.097372, -0.021407, 0.176347, 0.007349
0.097990, -0.023317, 0.178016, 0.008262
0.098335, -0.024125, 0.179565, 0.009006
0.098055, -0.024024, 0.180860, 0.009647
0.097142, -0.023480, 0.182009, 0.010051
0.096199, -0.023229, 0.183491, 0.010861
0.095375, -0.022435, 0.184491, 0.011604
0.094177, -0.021804, 0.185737, 0.012532
0.092625, -0.021122, 0.186819, 0.014082
0.091111, -0.021122, 0.187867, 0.015948
0.089549, -0.019370, 0.186881, 0.016237
0.088436, -0.016507, 0.184725, 0.015885
0.087162, -0.014924, 0.182679, 0.015881
0.085775, -0.014224, 0.181324, 0.016191
0.084010, -0.014847, 0.180434, 0.017651
0.082730, -0.015284, 0.179661, 0.018753
0.082738, -0.015021, 0.179174, 0.018466
0.082418, -0.015072, 0.179479, 0.018261
0.083505, -0.014577, 0.180419, 0.016599
0.085040, -0.013785, 0.181276, 0.014526
0.086811, -0.013327, 0.181931, 0.012564
0.088084, -0.013570, 0.182600, 0.011327
0.088818, -0.014247, 0.183304, 0.010809
0.090874, -0.013669, 0.183167, 0.009612
0.092280, -0.013741, 0.183322, 0.008709
0.093018, -0.014385, 0.183799, 0.008072
0.093813, -0.014723, 0.183316, 0.008533
0.093443, -0.015136, 0.183365, 0.009904
0.092874, -0.015934, 0.183680, 0.011234
0.091552, -0.017414, 0.184374, 0.012766
0.090158, -0.018964, 0.185493, 0.014125
0.088596, -0.020048, 0.186978, 0.015297
0.087074, -0.020750, 0.188289, 0.016344
0.085557, -0.021163, 0.189799, 0.016974
0.084214, -0.020890, 0.191115, 0.017548
0.083942, -0.019819, 0.191976, 0.017067
0.084528, -0.016856, 0.191625, 0.015902
0.085621, -0.013001, 0.190523, 0.014540
0.086796, -0.009730, 0.189471, 0.013292
0.087502, -0.007308, 0.188923, 0.012332
0.088183, -0.006185, 0.188675, 0.011584
0.088704, -0.006227, 0.188690, 0.011117
0.088794, -0.006607, 0.188921, 0.010901
0.087440, -0.006238, 0.187902, 0.010840
0.086515, -0.006490, 0.186346, 0.011568
0.085381, -0.007836, 0.186161, 0.012564
0.084185, -0.009852, 0.185658, 0.014179
0.083115, -0.012017, 0.185194, 0.015934
0.082200, -0.014335, 0.185138, 0.017604
0.081380, -0.016414, 0.185004, 0.019016
0.080639, -0.017888, 0.185161, 0.019846
0.080362, -0.019961, 0.185909, 0.020516
0.080308, -0.020988, 0.186234, 0.021004
0.080265, -0.021522, 0.186525, 0.021303
0.080782, -0.019678, 0.185146, 0.019736
0.081137, -0.017156, 0.185075, 0.017605
0.081239, -0.015087, 0.185304, 0.015657
0.080230, -0.013659, 0.187290, 0.013312
0.079361, -0.011514, 0.188831, 0.011098
0.077748, -0.008172, 0.190891, 0.009674
0.075777, -0.006178, 0.192963, 0.008632
0.074200, -0.005380, 0.194971, 0.007893
0.072848, -0.005890, 0.197828, 0.008220
0.072724, -0.006030, 0.199982, 0.007971
0.073045, -0.007045, 0.202121, 0.008258
0.074164, -0.007091, 0.203216, 0.008145
0.075463, -0.007326, 0.204192, 0.008238
0.076842, -0.007647, 0.205050, 0.008421
0.078216, -0.008065, 0.205833, 0.008517
0.079845, -0.008313, 0.206374, 0.008641
0.081454, -0.007456, 0.206285, 0.008632
0.083028, -0.006397, 0.206003, 0.008460
0.084053, -0.005706, 0.205575, 0.008682
0.084397, -0.005678, 0.205399, 0.009276
0.084645, -0.005815, 0.205391, 0.009769
0.084405, -0.006546, 0.205332, 0.010531
0.083947, -0.007388, 0.205249, 0.011304
0.083359, -0.008348, 0.205249, 0.012114
0.082759, -0.009449, 0.205233, 0.012910
0.082091, -0.010955, 0.205249, 0.013867
0.081478, -0.012722, 0.205304, 0.014844
0.081242, -0.013907, 0.205103, 0.015381
0.081232, -0.014454, 0.204420, 0.015700
0.080963, -0.015049, 0.204030, 0.016090
0.080795, -0.015525, 0.203681, 0.016314
0.080820, -0.015724, 0.203124, 0.016404
0.080928, -0.015670, 0.202728, 0.016464
0.082413, -0.014689, 0.201542, 0.015583
0.083393, -0.013220, 0.200292, 0.014684
0.084476, -0.010275, 0.197988, 0.012754
0.084868, -0.007960, 0.196257, 0.011222
0.084424, -0.006350, 0.195046, 0.010466
0.083655, -0.006190, 0.194731, 0.009845
0.082492, -0.008770, 0.196638, 0.010748
0.079017, -0.010839, 0.197678, 0.012957
0.078271, -0.013271, 0.198492, 0.015851
0.077429, -0.016464, 0.199588, 0.018651
0.075978, -0.019039, 0.200491, 0.021418
0.075037, -0.021779, 0.201592, 0.023738
0.074882, -0.022619, 0.201736, 0.025420
0.075303, -0.023077, 0.201756, 0.026443
0.076089, -0.022771, 0.201533, 0.027139
0.077339, -0.021610, 0.200966, 0.027390
0.079008, -0.020460, 0.200359, 0.025784
0.079713, -0.017261, 0.198166, 0.022868
0.080285, -0.013869, 0.196033, 0.019755
0.080541, -0.010246, 0.193745, 0.016768
0.080166, -0.007923, 0.191721, 0.014305
0.078309, -0.006154, 0.192302, 0.012456
0.077678, -0.006085, 0.193589, 0.010092
0.080609, -0.008790, 0.196805, 0.007125
0.083842, -0.013306, 0.200646, 0.003935
0.087359, -0.017860, 0.204112, 0.001897
0.088970, -0.021851, 0.207540, 0.001006
0.091134, -0.024467, 0.207706, 0.000838
0.092034, -0.026399, 0.208219, 0.001718
0.083513, -0.024385, 0.207847, 0.008497
0.075166, -0.020877, 0.207743, 0.015509
0.067989, -0.015934, 0.206917, 0.021660
0.065441, -0.010322, 0.206051, 0.024130
0.066727, -0.003674, 0.205485, 0.023777
0.069838, 0.002934, 0.204384, 0.022293
0.073514, 0.008721, 0.203796, 0.020169
0.076393, 0.013749, 0.203261, 0.018463
0.077881, 0.018093, 0.201674, 0.017652
0.078995, 0.021738, 0.199899, 0.017927
0.080520, 0.024156, 0.197374, 0.019133
0.084370, 0.023720, 0.196066, 0.020432
0.086649, 0.024139, 0.195392, 0.021062
0.087779, 0.025668, 0.194604, 0.021608
0.087974, 0.028402, 0.193313, 0.022122
0.087064, 0.032523, 0.190900, 0.022806
0.085825, 0.036885, 0.188614, 0.023352
0.084277, 0.041997, 0.186384, 0.023550
0.083044, 0.046231, 0.184396, 0.023901
0.081837, 0.050193, 0.183012, 0.023540
0.080801, 0.053191, 0.182608, 0.022033
0.079957, 0.055956, 0.182576, 0.020472
0.081589, 0.053370, 0.187074, 0.017139
0.083114, 0.050862, 0.191079, 0.014396
0.084256, 0.048305, 0.194371, 0.012615
0.085190, 0.045572, 0.197619, 0.011796
0.085421, 0.041901, 0.201368, 0.011302
0.084330, 0.038244, 0.204861, 0.011584
0.084048, 0.036297, 0.206672, 0.010366
0.083359, 0.034355, 0.208864, 0.009290
0.082114, 0.032753, 0.210869, 0.008541
0.080697, 0.031902, 0.212371, 0.008094
0.079248, 0.033301, 0.211702, 0.007410
0.077571, 0.034422, 0.211072, 0.007169
0.076085, 0.035986, 0.210229, 0.007107
0.075049, 0.038020, 0.208941, 0.006944
0.075871, 0.041562, 0.205661, 0.005527
0.076684, 0.044609, 0.202898, 0.004519
0.076450, 0.046752, 0.200955, 0.004611
0.076110, 0.046982, 0.200612, 0.005744
0.075563, 0.045959, 0.201092, 0.007301
0.075030, 0.044220, 0.202009, 0.009041
0.074736, 0.042499, 0.203052, 0.010641
0.074490, 0.039815, 0.204725, 0.012385
0.074592, 0.036922, 0.206659, 0.014108
0.074952, 0.034724, 0.208150, 0.015729
0.075036, 0.032454, 0.209753, 0.017440
0.077020, 0.032225, 0.209813, 0.017268
0.080124, 0.033285, 0.209005, 0.016173
0.083295, 0.034710, 0.207778, 0.014874
0.086105, 0.036226, 0.206531, 0.013703
0.088678, 0.038048, 0.205198, 0.012634
0.090352, 0.039835, 0.204020, 0.012086
0.091634, 0.041233, 0.202987, 0.011694
0.092690, 0.042320, 0.202498, 0.011495
0.093300, 0.043277, 0.202898, 0.011865
0.093173, 0.043941, 0.203225, 0.012681
0.092455, 0.044547, 0.203710, 0.013902
0.091666, 0.044682, 0.204813, 0.015183
0.090350, 0.044158, 0.205831, 0.016723
0.088854, 0.043372, 0.206930, 0.018189
0.087201, 0.042759, 0.208101, 0.019629
0.085789, 0.042571, 0.208858, 0.020775
0.084597, 0.042600, 0.209406, 0.021662
0.083456, 0.042751, 0.209510, 0.022424
0.082223, 0.042643, 0.209660, 0.023410
0.081355, 0.042649, 0.209648, 0.024048
0.081007, 0.042645, 0.209379, 0.024307
0.080933, 0.042588, 0.209089, 0.024379
0.081448, 0.042750, 0.208269, 0.024024
0.082784, 0.043206, 0.206908, 0.022756
0.084187, 0.043759, 0.205290, 0.021310
0.085817, 0.044548, 0.203102, 0.018788
0.086903, 0.044072, 0.202172, 0.016709
0.087710, 0.043302, 0.201828, 0.014787
0.088035, 0.041416, 0.201980, 0.013083
0.088463, 0.038854, 0.202457, 0.011786
0.088349, 0.034967, 0.203713, 0.010881
0.087707, 0.030637, 0.204943, 0.010348
0.086538, 0.026107, 0.206268, 0.010240
0.085355, 0.021896, 0.207677, 0.010308
0.084142, 0.018034, 0.209316, 0.010597
0.082975, 0.015485, 0.210692, 0.011329
0.080442, 0.014269, 0.211618, 0.013828
0.078100, 0.014590, 0.211660, 0.016288
0.076062, 0.015420, 0.211516, 0.018308
0.074810, 0.016833, 0.211220, 0.019765
0.075612, 0.019306, 0.209994, 0.019343
0.076371, 0.021819, 0.208824, 0.018887
0.077149, 0.023725, 0.208388, 0.018353
0.077338, 0.024850, 0.208137, 0.018477
0.077093, 0.025245, 0.208606, 0.018907
0.076725, 0.024472, 0.209770, 0.019565
0.076319, 0.022694, 0.211469, 0.020320
0.074670, 0.020594, 0.212272, 0.022438
0.073109, 0.018476, 0.213618, 0.024207
0.071589, 0.016359, 0.215109, 0.025967
0.070695, 0.014607, 0.216773, 0.027091
0.072368, 0.014017, 0.218328, 0.026101
0.074908, 0.014286, 0.219072, 0.024233
0.077478, 0.014785, 0.219627, 0.022299
0.079977, 0.015734, 0.219955, 0.020241
0.082110, 0.016682, 0.220267, 0.018629
0.083884, 0.018286, 0.219924, 0.017018
0.085427, 0.019640, 0.219878, 0.015747
0.086783, 0.020789, 0.219827, 0.014549
0.087567, 0.023031, 0.218638, 0.013185
0.087839, 0.026303, 0.216608, 0.012086
0.088084, 0.028351, 0.214637, 0.011484
0.088039, 0.029780, 0.213166, 0.010870
0.087831, 0.030333, 0.212541, 0.010419
0.087065, 0.030531, 0.212549, 0.010397
0.086643, 0.030135, 0.213340, 0.010494
0.085671, 0.029200, 0.214173, 0.010918
0.085074, 0.028131, 0.215205, 0.011371
0.084363, 0.026789, 0.216037, 0.012154
0.083479, 0.025296, 0.216811, 0.013140
0.082616, 0.024046, 0.217152, 0.014075
0.081905, 0.023075, 0.217055, 0.014941
0.081161, 0.022566, 0.216424, 0.015777
0.080475, 0.022582, 0.214999, 0.016319
0.079827, 0.022462, 0.213774, 0.016913
0.079632, 0.021787, 0.213055, 0.017545
0.079405, 0.020789, 0.212470, 0.018232
0.079343, 0.020168, 0.211652, 0.018745
0.079398, 0.019206, 0.211174, 0.019389
0.079367, 0.018477, 0.210540, 0.020029
0.079354, 0.017750, 0.209857, 0.020562
0.079353, 0.017366, 0.208911, 0.020929
0.079558, 0.016989, 0.208416, 0.021472
0.079584, 0.016805, 0.208265, 0.021647
0.079550, 0.016347, 0.208412, 0.021789
0.079501, 0.015416, 0.208798, 0.021888
0.079600, 0.015117, 0.208579, 0.021623
0.080237, 0.014483, 0.208449, 0.021390
0.080589, 0.013269, 0.208592, 0.021282
0.080708, 0.012499, 0.208674, 0.021015
0.080713, 0.011827, 0.208935, 0.020802
0.080595, 0.010915, 0.209480, 0.020687
0.080535, 0.009686, 0.210537, 0.020727
0.080043, 0.008146, 0.211761, 0.021050
0.079744, 0.007134, 0.212647, 0.021162
0.079180, 0.007717, 0.212140, 0.021002
0.078856, 0.008050, 0.211756, 0.020633
0.078554, 0.008542, 0.211196, 0.020529
0.077837, 0.009685, 0.209875, 0.020786
0.077236, 0.010398, 0.209150, 0.020896
0.076878, 0.010499, 0.209429, 0.021932
0.076629, 0.010672, 0.209764, 0.022763
0.076687, 0.010565, 0.210296, 0.023605
0.076851, 0.010543, 0.210619, 0.024363
0.077163, 0.010728, 0.210781, 0.024934
0.077549, 0.010408, 0.211179, 0.025501
0.078034, 0.010488, 0.211278, 0.026065
0.078561, 0.010910, 0.211170, 0.026721
0.079291, 0.011616, 0.211001, 0.027519
0.080169, 0.012715, 0.210406, 0.028026
0.082645, 0.014954, 0.208794, 0.027095
0.084410, 0.016354, 0.207933, 0.026478
0.086314, 0.016980, 0.208009, 0.026298
0.087645, 0.017187, 0.208504, 0.026224
0.088847, 0.017202, 0.209338, 0.026518
0.089856, 0.017048, 0.210213, 0.026760
0.090589, 0.016863, 0.211000, 0.027043
0.090912, 0.016951, 0.211240, 0.027338
0.091089, 0.017064, 0.211546, 0.027630
0.090743, 0.017885, 0.210786, 0.027472
0.090125, 0.019033, 0.209467, 0.027286
0.089439, 0.020247, 0.208377, 0.027207
0.088474, 0.021045, 0.207776, 0.027289
0.087782, 0.020813, 0.208176, 0.027467
0.086388, 0.019930, 0.208917, 0.027962
0.085118, 0.019250, 0.209446, 0.028337
0.083752, 0.018298, 0.210109, 0.028567
0.082620, 0.017157, 0.210671, 0.028881
0.081775, 0.016276, 0.210926, 0.029032
0.082345, 0.016615, 0.210119, 0.027870
0.082291, 0.016428, 0.209350, 0.027132
0.081850, 0.015324, 0.209225, 0.026784
0.081154, 0.013782, 0.209511, 0.026971
0.080495, 0.012107, 0.209604, 0.027640
0.079872, 0.010357, 0.209787, 0.028319
0.079650, 0.008809, 0.209929, 0.028867
0.079880, 0.007721, 0.209772, 0.029311
0.081186, 0.007787, 0.208692, 0.029133
0.082384, 0.007898, 0.207741, 0.028900
0.083208, 0.008069, 0.206776, 0.028888
0.084072, 0.008135, 0.206014, 0.028841
0.084756, 0.008300, 0.205310, 0.028704
0.085545, 0.008850, 0.204243, 0.028239
0.086428, 0.008972, 0.204126, 0.027723
0.087421, 0.008547, 0.204527, 0.027181
0.088039, 0.008125, 0.205129, 0.026604
0.088739, 0.007299, 0.206462, 0.026102
0.088876, 0.006403, 0.208431, 0.025796
0.089066, 0.005396, 0.210581, 0.025759
0.088965, 0.004179, 0.212656, 0.025988
0.088798, 0.003108, 0.214431, 0.026148
0.088526, 0.002820, 0.214935, 0.026158
0.087455, 0.002859, 0.214472, 0.025734
0.086365, 0.002657, 0.213954, 0.025586
0.085581, 0.003179, 0.212562, 0.025001
0.084918, 0.003690, 0.211198, 0.024659
0.084241, 0.003876, 0.210215, 0.024869
0.083578, 0.004114, 0.209242, 0.025822
0.083024, 0.004310, 0.208367, 0.026674
0.081758, 0.004608, 0.206470, 0.026740
0.080581, 0.004403, 0.204770, 0.026719
0.079790, 0.003767, 0.203538, 0.026782
0.079881, 0.002859, 0.202479, 0.026802
0.080085, 0.001887, 0.201424, 0.026704
0.079601, 0.000782, 0.200429, 0.026862
0.078501, -0.000653, 0.200020, 0.027328
0.077767, -0.002256, 0.199912, 0.027469
0.077044, -0.003683, 0.199827, 0.027756
0.076061, -0.005062, 0.200001, 0.028310
0.075389, -0.006132, 0.200058, 0.028781
0.075000, -0.006824, 0.200068, 0.029129
0.074556, -0.006932, 0.199932, 0.029781
0.074518, -0.005742, 0.200042, 0.027815
0.074430, -0.004664, 0.200281, 0.025894
0.074398, -0.003905, 0.200512, 0.024069
0.073618, -0.004016, 0.202407, 0.022372
0.072567, -0.003994, 0.203975, 0.021927
0.071634, -0.004019, 0.205278, 0.022398
0.070713, -0.004339, 0.206363, 0.022981
0.069929, -0.004983, 0.207366, 0.023595
0.069269, -0.005545, 0.208414, 0.024065
0.068628, -0.005889, 0.209074, 0.024668
0.068189, -0.005928, 0.209606, 0.024993
0.067740, -0.006338, 0.209658, 0.025497
0.067981, -0.006129, 0.209442, 0.025422
0.068412, -0.005756, 0.209060, 0.025146
0.068804, -0.005140, 0.208429, 0.024721
0.069790, -0.004816, 0.208305, 0.024230
0.070328, -0.004533, 0.207988, 0.023742
0.070672, -0.004649, 0.207848, 0.023126
0.070808, -0.004642, 0.207750, 0.022471
0.069549, -0.004317, 0.207400, 0.022349
0.068317, -0.004508, 0.207807, 0.022449
0.067225, -0.004736, 0.208241, 0.022258
0.067425, -0.005143, 0.207783, 0.021821
0.067397, -0.005579, 0.207237, 0.021473
0.067120, -0.005149, 0.206499, 0.021803
0.066942, -0.004528, 0.205688, 0.021966
0.066436, -0.003417, 0.204528, 0.022110
0.066021, -0.002249, 0.203188, 0.022174
0.065267, -0.001533, 0.201817, 0.022511
0.064899, -0.001580, 0.200843, 0.023035
0.064063, -0.001870, 0.199785, 0.023796
0.063215, -0.002358, 0.198792, 0.024628
0.063094, -0.002342, 0.197400, 0.025045
0.063165, -0.002732, 0.196302, 0.025223
0.063409, -0.003423, 0.195732, 0.025160
0.063697, -0.004291, 0.195346, 0.024824
0.064046, -0.005333, 0.195108, 0.024446
0.064434, -0.005900, 0.195013, 0.023071
0.064896, -0.006466, 0.195359, 0.021689
0.065421, -0.007589, 0.196125, 0.020812
0.065732, -0.008943, 0.197278, 0.020174
0.065820, -0.010278, 0.198573, 0.019781
0.065916, -0.011782, 0.199949, 0.019744
0.065552, -0.012955, 0.201140, 0.020235
0.065495, -0.014037, 0.202018, 0.020539
0.066521, -0.015804, 0.203020, 0.020073
0.067905, -0.017326, 0.203693, 0.019126
0.068885, -0.017705, 0.204720, 0.018772
0.069602, -0.018207, 0.204849, 0.017940
0.070027, -0.018116, 0.205825, 0.017673
0.070044, -0.017073, 0.206924, 0.017772
0.069967, -0.014839, 0.208617, 0.018036
0.069514, -0.012684, 0.209557, 0.018231
0.068749, -0.010480, 0.210010, 0.018483
0.067445, -0.008603, 0.210107, 0.019367
0.065921, -0.006834, 0.209699, 0.020263
0.064870, -0.004457, 0.208294, 0.020471
0.063787, -0.002633, 0.206813, 0.020757
0.062728, -0.001563, 0.205512, 0.021298
0.061570, -0.000910, 0.204313, 0.022268
0.061232, 0.000158, 0.202491, 0.022413
0.061747, 0.001091, 0.200270, 0.021858
0.062652, 0.000559, 0.199140, 0.021837
0.062587, -0.002337, 0.200397, 0.023508
0.061824, -0.004673, 0.201466, 0.025404
0.061047, -0.006717, 0.202365, 0.027037
0.060179, -0.008356, 0.203298, 0.028833
0.059674, -0.009516, 0.203534, 0.030223
0.060636, -0.010884, 0.202940, 0.030815
0.063049, -0.011953, 0.200831, 0.029742
0.065977, -0.012634, 0.196759, 0.027387
0.068866, -0.012805, 0.192522, 0.024301
0.070967, -0.013264, 0.189506, 0.021974
0.073005, -0.011478, 0.188684, 0.020388
0.072911, -0.009885, 0.189993, 0.019513
0.071043, -0.006196, 0.190115, 0.019923
0.061274, 0.001194, 0.202795, 0.020713
0.050861, 0.008947, 0.214286, 0.023209
0.042121, 0.015944, 0.224713, 0.025517
0.037526, 0.024072, 0.232997, 0.024824
0.036101, 0.031787, 0.240491, 0.022668
0.036779, 0.038564, 0.248170, 0.019713
0.039975, 0.046066, 0.254066, 0.014653
0.042804, 0.052095, 0.259929, 0.010359
0.043612, 0.056545, 0.265849, 0.007910
0.041294, 0.059396, 0.271824, 0.007600
0.036270, 0.060375, 0.278302, 0.009345
0.030122, 0.060605, 0.284445, 0.011929
0.025721, 0.060809, 0.289734, 0.013597
0.023454, 0.061598, 0.293754, 0.013946
0.022876, 0.063019, 0.296613, 0.013200
0.023880, 0.064710, 0.298340, 0.011391
0.025395, 0.066243, 0.299589, 0.009430
0.027380, 0.067502, 0.300407, 0.007335
0.028351, 0.067195, 0.302357, 0.006379
0.027642, 0.066023, 0.304358, 0.006418
0.026493, 0.063839, 0.306833, 0.007027
0.025176, 0.061142, 0.309591, 0.007980
0.023939, 0.058202, 0.312215, 0.009058
0.023127, 0.055719, 0.313804, 0.009886
0.023744, 0.054355, 0.314120, 0.009882
0.024194, 0.052978, 0.314016, 0.010106
0.024652, 0.051455, 0.313761, 0.010558
0.025655, 0.050717, 0.312344, 0.010358
0.027002, 0.050194, 0.310565, 0.010059
0.027988, 0.049152, 0.309125, 0.010320
0.027804, 0.047244, 0.307975, 0.011593
0.027975, 0.045950, 0.306327, 0.012235
0.028459, 0.044547, 0.304661, 0.013104
0.029124, 0.043085, 0.303128, 0.013897
0.030216, 0.042308, 0.301197, 0.014138
0.031087, 0.040973, 0.299802, 0.014793
0.032171, 0.039777, 0.298504, 0.015101
0.032434, 0.037811, 0.298194, 0.016273
0.032845, 0.036040, 0.298233, 0.017445
0.032951, 0.033796, 0.298795, 0.018953
0.033586, 0.032174, 0.298828, 0.019605
0.034527, 0.030956, 0.298434, 0.019983
0.035264, 0.029670, 0.298265, 0.020685
0.036022, 0.028732, 0.297936, 0.021257
0.036791, 0.027588, 0.297899, 0.022008
0.037479, 0.026284, 0.298042, 0.022958
0.037793, 0.024738, 0.298848, 0.024509
0.038726, 0.024376, 0.298338, 0.024973
0.039383, 0.024234, 0.297897, 0.025883
0.040624, 0.024714, 0.296635, 0.026072
0.041993, 0.025695, 0.294872, 0.025859
0.043351, 0.027023, 0.292628, 0.025368
0.044240, 0.027896, 0.290891, 0.025258
0.044844, 0.027984, 0.289979, 0.025807
0.045156, 0.027579, 0.289507, 0.026575
0.044450, 0.026253, 0.289624, 0.028496
0.043480, 0.024891, 0.289861, 0.030580
0.042647, 0.023713, 0.289880, 0.032418
0.042856, 0.024797, 0.288155, 0.032567
0.042965, 0.025991, 0.286338, 0.032572
0.043542, 0.027683, 0.284263, 0.031977
0.043956, 0.028939, 0.282592, 0.031587
0.044125, 0.029019, 0.281813, 0.031638
0.044196, 0.028157, 0.281794, 0.032089
0.044125, 0.026771, 0.282137, 0.032682
0.043746, 0.025323, 0.282713, 0.033714
0.044049, 0.024391, 0.282759, 0.033985
0.044999, 0.024405, 0.282116, 0.033602
0.045729, 0.024382, 0.281689, 0.033376
0.046129, 0.024028, 0.281494, 0.033428
0.047399, 0.024782, 0.280481, 0.032241
0.048332, 0.024728, 0.279817, 0.031522
0.048894, 0.023551, 0.279941, 0.031630
0.049166, 0.021958, 0.280378, 0.032188
0.049450, 0.019751, 0.281196, 0.033066
0.049731, 0.017619, 0.281848, 0.033799
0.050116, 0.015868, 0.282178, 0.034260
0.050162, 0.014569, 0.282103, 0.034792
0.050322, 0.013757, 0.281643, 0.034956
0.050408, 0.013609, 0.280543, 0.034873
0.050722, 0.014332, 0.278875, 0.034379
0.050835, 0.014668, 0.277594, 0.034270
0.050809, 0.014806, 0.276407, 0.034134
0.051142, 0.015206, 0.275260, 0.033751
0.051158, 0.015185, 0.274315, 0.033412
0.050670, 0.014456, 0.274060, 0.033882
0.050302, 0.013967, 0.273566, 0.034024
0.048918, 0.013047, 0.273174, 0.035585
0.047094, 0.011554, 0.273625, 0.037880
0.045703, 0.010344, 0.273884, 0.039711
0.044512, 0.009100, 0.274204, 0.041441
0.043780, 0.008147, 0.274491, 0.042831
0.043930, 0.008217, 0.273950, 0.043177
0.044428, 0.008741, 0.273123, 0.043308
0.045850, 0.010192, 0.272066, 0.042391
0.047455, 0.012041, 0.270602, 0.040987
0.049014, 0.013064, 0.269695, 0.039834
0.050091, 0.012879, 0.269423, 0.039179
0.050451, 0.012292, 0.269361, 0.039325
0.050614, 0.010837, 0.269775, 0.039611
0.050739, 0.008556, 0.270575, 0.040151
0.050283, 0.005467, 0.272347, 0.041201
0.049928, 0.002312, 0.273942, 0.042034
0.049812, -0.000192, 0.275058, 0.042507
0.049863, -0.002192, 0.275713, 0.042792
0.050104, -0.003727, 0.275739, 0.042396
0.050668, -0.004677, 0.275474, 0.041447
0.050989, -0.005419, 0.275160, 0.040796
0.050708, -0.006285, 0.274945, 0.040860
0.050545, -0.006479, 0.274096, 0.040607
0.050164, -0.006945, 0.273296, 0.040768
0.049741, -0.007604, 0.272705, 0.041182
0.049519, -0.007898, 0.271895, 0.041273
0.048765, -0.008433, 0.271507, 0.042146
0.048202, -0.008725, 0.270915, 0.042834
0.047517, -0.008919, 0.270518, 0.043584
0.047407, -0.008585, 0.269937, 0.043741
0.047320, -0.008377, 0.270264, 0.043911
0.047432, -0.008082, 0.271054, 0.044089
0.047767, -0.008000, 0.271904, 0.044061
0.047909, -0.008209, 0.272883, 0.044191
0.048260, -0.008425, 0.274069, 0.044161
0.048782, -0.008437, 0.275082, 0.044014
0.049534, -0.008336, 0.275862, 0.043303
0.050339, -0.008360, 0.276633, 0.042421
0.050973, -0.008351, 0.277135, 0.041661
0.051303, -0.008278, 0.277451, 0.041273
0.051616, -0.008054, 0.277361, 0.040817
0.052045, -0.007248, 0.276580, 0.040170
0.052272, -0.006389, 0.275615, 0.039741
0.052231, -0.006109, 0.274690, 0.039716
0.051951, -0.005835, 0.273758, 0.039727
0.051142, -0.006526, 0.273858, 0.040471
0.049246, -0.008118, 0.274572, 0.042142
0.047383, -0.010032, 0.275543, 0.044049
0.045801, -0.011685, 0.276159, 0.045777
0.045053, -0.012760, 0.275552, 0.047143
0.044945, -0.012786, 0.274333, 0.047753
0.046457, -0.011851, 0.272588, 0.046707
0.049182, -0.008780, 0.269280, 0.044221
0.051563, -0.006182, 0.266377, 0.041882
0.053428, -0.004499, 0.264012, 0.040012
0.054267, -0.004402, 0.262737, 0.038989
0.054455, -0.006652, 0.262933, 0.038915
0.053833, -0.011226, 0.265379, 0.039769
0.052264, -0.015416, 0.268731, 0.041643
0.050640, -0.019722, 0.271942, 0.043613
0.049175, -0.023424, 0.274552, 0.045289
0.047778, -0.026674, 0.276790, 0.046995
0.046521, -0.029128, 0.278268, 0.048562
0.046019, -0.029733, 0.278312, 0.049008
0.046014, -0.028924, 0.277196, 0.048280
0.046210, -0.027704, 0.275549, 0.047367
0.046604, -0.026117, 0.273483, 0.046125
0.047109, -0.024551, 0.271148, 0.044790
0.047366, -0.023051, 0.268559, 0.043748
0.047422, -0.021671, 0.266682, 0.043670
0.047352, -0.020579, 0.265547, 0.044252
0.047164, -0.019850, 0.264640, 0.045135
0.046890, -0.020032, 0.264311, 0.045960
0.046012, -0.020436, 0.264117, 0.047334
0.045004, -0.021258, 0.264172, 0.048597
0.044352, -0.022224, 0.264381, 0.049744
0.043604, -0.022688, 0.265025, 0.051103
0.043111, -0.023171, 0.265904, 0.051972
0.042512, -0.023809, 0.266192, 0.052144
0.042072, -0.024348, 0.266415, 0.051992
0.042234, -0.024966, 0.266445, 0.051165
0.042421, -0.025676, 0.265435, 0.049613
0.042896, -0.025970, 0.264318, 0.047455
0.043644, -0.026563, 0.264549, 0.045251
0.044116, -0.026417, 0.265704, 0.043711
0.044514, -0.025932, 0.266980, 0.042543
0.044028, -0.024460, 0.268809, 0.042456
0.043420, -0.022849, 0.270382, 0.042379
0.042574, -0.021130, 0.271665, 0.042511
0.041654, -0.019545, 0.272249, 0.042347
0.040831, -0.017623, 0.272188, 0.041961
0.039895, -0.015849, 0.271914, 0.041654
0.038918, -0.014411, 0.270794, 0.041090
0.037847, -0.012000, 0.267939, 0.040292
0.036707, -0.010189, 0.265507, 0.039842
0.035585, -0.009202, 0.263536, 0.039784
0.034369, -0.009529, 0.262241, 0.040034
0.032992, -0.010835, 0.261445, 0.040755
0.031118, -0.012766, 0.260972, 0.042099
0.029722, -0.015176, 0.261014, 0.043420
0.029097, -0.017485, 0.261564, 0.044411
0.029510, -0.019290, 0.262303, 0.044741
0.030579, -0.021084, 0.263372, 0.044645
0.032349, -0.022266, 0.264578, 0.043856
0.034130, -0.022870, 0.266207, 0.043418
0.034866, -0.022708, 0.267636, 0.043624
0.035836, -0.022444, 0.268530, 0.043345
0.037085, -0.022185, 0.268819, 0.042865
0.038454, -0.021408, 0.268656, 0.042125
0.039876, -0.020176, 0.268054, 0.041117
0.041302, -0.019313, 0.267386, 0.040134
0.042565, -0.018359, 0.266483, 0.039213
0.042707, -0.017070, 0.266117, 0.039212
0.042724, -0.015575, 0.266461, 0.039719
0.042551, -0.014008, 0.267345, 0.040486
0.042381, -0.013119, 0.268308, 0.041243
0.042186, -0.012272, 0.268947, 0.041640
0.042360, -0.012735, 0.269752, 0.041667
0.042362, -0.013921, 0.271448, 0.041787
0.042619, -0.014651, 0.272323, 0.041496
0.042924, -0.015590, 0.272955, 0.041141
0.043313, -0.016115, 0.273145, 0.040640
0.043435, -0.017297, 0.273406, 0.040475
0.043018, -0.018964, 0.273926, 0.040902
0.042683, -0.020487, 0.274100, 0.041426
0.042366, -0.021830, 0.274087, 0.041900
0.041748, -0.022645, 0.273942, 0.042665
0.041125, -0.023109, 0.273638, 0.043467
0.041375, -0.024953, 0.273775, 0.043575
0.042137, -0.026239, 0.273089, 0.043191
0.043281, -0.027385, 0.272142, 0.042016
0.044137, -0.027759, 0.271721, 0.041058
0.044274, -0.027376, 0.272225, 0.040962
0.044169, -0.026575, 0.272382, 0.040951
0.043938, -0.025361, 0.272448, 0.040920
0.043910, -0.023479, 0.271818, 0.040500
0.043608, -0.020734, 0.272265, 0.040684
0.043630, -0.018543, 0.272498, 0.040736
0.043719, -0.017075, 0.272745, 0.040807
0.043861, -0.016054, 0.272406, 0.040916
0.044137, -0.015934, 0.272181, 0.040455
0.044305, -0.016952, 0.271613, 0.039979
0.044483, -0.017874, 0.271315, 0.039536
0.044565, -0.018530, 0.270839, 0.039281
0.043650, -0.018353, 0.271833, 0.040317
0.042331, -0.018167, 0.273147, 0.041607
0.041017, -0.018101, 0.274192, 0.042811
0.039459, -0.017349, 0.275755, 0.044237
0.038410, -0.016919, 0.277494, 0.045402
0.037858, -0.016356, 0.278853, 0.046157
0.037681, -0.015677, 0.280116, 0.046687
0.038245, -0.015333, 0.280913, 0.046601
0.039792, -0.015681, 0.280946, 0.045885
0.041421, -0.015984, 0.280703, 0.045030
0.042977, -0.016769, 0.280125, 0.044153
0.044420, -0.017131, 0.279790, 0.043429
0.045201, -0.017043, 0.279298, 0.043058
0.045158, -0.016242, 0.278849, 0.043246
0.044849, -0.016721, 0.279074, 0.043706
0.043316, -0.017334, 0.280161, 0.045297
0.041969, -0.017654, 0.280862, 0.046685
0.040590, -0.018072, 0.281477, 0.047936
0.039860, -0.018215, 0.281186, 0.048618
0.039578, -0.017879, 0.280339, 0.048818
0.039875, -0.017312, 0.278623, 0.048325
0.040562, -0.016542, 0.276258, 0.047349
0.041525, -0.016190, 0.274183, 0.046414
0.042644, -0.015724, 0.273517, 0.046185
0.042887, -0.014695, 0.273694, 0.046727
0.042475, -0.012896, 0.275017, 0.047712
0.042282, -0.010772, 0.276212, 0.048259
0.042281, -0.008021, 0.276897, 0.048187
0.042845, -0.005312, 0.277296, 0.047393
0.043380, -0.002962, 0.277644, 0.046516
0.043807, -0.001432, 0.278699, 0.045882
0.044247, -0.000108, 0.279586, 0.045243
0.044360, 0.000822, 0.279861, 0.044659
0.044560, 0.001606, 0.280034, 0.044066
0.044628, 0.001482, 0.280797, 0.043778
0.044380, 0.000720, 0.281500, 0.043587
0.044022, 0.000283, 0.282368, 0.043779
0.043848, 0.000017, 0.282990, 0.043877
0.043832, -0.000271, 0.283363, 0.043943
0.043788, -0.000559, 0.283472, 0.044079
0.043717, -0.000768, 0.283120, 0.044151
0.043735, -0.000888, 0.282597, 0.044249
0.043929, -0.001256, 0.281881, 0.044375
0.044096, -0.001528, 0.281584, 0.044771
0.044031, -0.001561, 0.281458, 0.045298
0.044022, -0.001395, 0.281238, 0.045764
0.044095, -0.000772, 0.280315, 0.045967
0.044328, 0.000245, 0.278791, 0.045829
0.044518, 0.001590, 0.277955, 0.046017
0.044437, 0.002418, 0.277212, 0.046408
0.044405, 0.002178, 0.276909, 0.046906
